{"AUC_Values":{"22":0.9879811316,"5":0.0783846196,"23":0.8938966412,"1":0.1238650653,"11":0.1446777407,"31":0.7890797023,"36":0.2471624367,"35":0.7481998469,"2":0.2867438116,"30":0.3327761073},"Measurments":{"22":"count","5":"dst_bytes","23":"srv_count","1":"protocol_type","11":"logged_in","31":"dst_host_count","36":"dst_host_srv_diff_host_rate","35":"dst_host_same_src_port_rate","2":"service","30":"srv_diff_host_rate"},"difference":{"22":0.4879811316,"5":0.4216153804,"23":0.3938966412,"1":0.3761349347,"11":0.3553222593,"31":0.2890797023,"36":0.2528375633,"35":0.2481998469,"2":0.2132561884,"30":0.1672238927}}